,0,1,2,3,4,5,6,7,8,9
203.79751890834908,-0.957253145757976,-0.2484160113172155,1.215840891648733,0.677009423252849,0.596022484591854,0.7822637102688926,-1.0289128896626147,-1.0453829964210128,0.8916723763880176,0.10325048542660105
-63.13501425555161,0.1913655246543311,-0.6138502399643319,-0.23440388949115992,-0.4699736724969942,0.18067009444052162,-1.17636953480395,1.1817316632387902,-0.8973840492119337,0.8938044027240305,0.28869426340783216
133.77680247728534,0.6210902184656473,1.512444625964599,0.627114125235989,0.8053885782204486,0.20301582534042212,-0.15115468097986326,-0.7523361131869399,0.42384172633289263,-0.05835630907611255,-0.4781510376208687
-169.70612926023998,-1.7863434288551656,-0.6872212174372604,-0.939169575257327,-0.7023287559719911,0.4183287196872909,0.8001553123884374,0.707498210056013,0.7499827875690749,0.37356199543966234,-1.0152335689819176
121.24612212800342,2.7204890832895385,1.5417599622446374,-0.0002471087377780519,-1.7982041568715514,-0.8538903485513519,-0.06831744955196777,-1.1214687679323008,0.8795656296610865,-0.6025214368967047,0.6746941148359746
-73.40123006265017,-0.6544430416613646,0.16101052515491954,0.31427303787141075,-0.4725005429442874,1.5354852343692107,1.3723560552214253,-0.14170855724224118,-0.7230596591678178,-1.2003204236132332,-1.0736447892351078
52.66333422221469,0.1278696444161195,-0.5791113008006217,-0.5025385150495532,-0.5429726982465546,-0.30229011646164217,0.9462376519257872,0.21656512954334972,1.0755958314940195,0.18385155913960652,-0.26691094736257237
-251.21464272704293,1.1706360842597383,0.13163073866346606,-1.1579376565301187,-1.579240090119223,0.6548650372535723,-0.1708380664020226,0.5165855506210204,1.6245531219348208,-1.7498546951154397,-1.1474677189654023
131.96262557527305,0.26712919210843006,2.022533187870678,0.6451746002266866,1.5244386658947913,-1.589222879263089,0.4871058099113043,-0.5093190471175452,0.13282668597111277,-0.923920997445278,0.9155302793945155
364.01760395647756,0.5037639073653181,-1.1774821707550958,1.4999863509548685,-1.3290564636608382,-1.5119555506276257,0.004753219226171596,-0.2836630407164669,-0.7472975115091757,2.4211916492182275,1.7714902504668262
-363.4730353367214,0.23847219135094586,-0.8572381151863857,0.4595091512441101,0.17792688399368978,0.12850387284117465,-1.7972864866183398,-0.5568049953314975,0.3532048827157896,-2.816546586656811,-0.2070472867390413
-120.03363719995576,-1.0137937923446665,0.3709526814365547,-0.04071596756365797,1.2514452741185766,-2.1926606694749067,1.6854500430437769,0.8434945099094449,-1.1944555516659239,-1.5147497505919676,-0.12493271859441632
-0.9194542883773522,-1.1948597958397769,1.3102856688218159,0.9177267330556709,-0.29184068044143524,0.15834984234901767,0.7656785052243184,-0.3056193348496596,0.569221551625485,-0.7319381996109758,-0.3111903382517707
443.6036724895862,-1.2355321167134843,-0.6055509324737772,1.695276198281644,1.4105119603545875,-0.3976547343851439,2.4334581923820235,0.5714736524508691,0.0365315407223886,0.23929837636429252,1.810479355575465
-164.2640910800614,-0.8280525733379954,0.1672026324175126,0.04639644991615837,0.9664146766026438,2.989698381161309,-0.10238027261368668,0.029283989997685937,-0.7413981416429821,-1.1321618758836156,-1.6586953139885798
-137.57050702731817,0.9880300212294737,0.30434704103378796,-0.3452796674469775,-2.054658811570613,0.5158208676746594,-0.6039025050214991,-0.2842327254652689,-0.21348581539074685,0.22908836090277032,-1.3284513956953534
94.01916586025527,-0.7376470842545482,0.49761080906968735,1.0882855211334521,-0.12406654713331176,0.7222372971499934,0.44003207906605,0.4127551355665892,-0.5829625988801559,0.29667690805131886,-0.34895250108072084
131.34869801445365,0.16897878129579746,-0.9346321761226898,0.9938129229592768,-0.06533884104832924,-0.8127234772604413,1.7259740810152855,1.068416354256462,-0.026535516387111636,-0.8356526602568118,-0.4066476056049969
295.880562153721,-0.7768244505757868,-0.9645546464765218,0.48150461956046475,1.5264197753990802,1.2070625992930302,1.081714763867032,0.18504963737451346,-0.8512575721098433,0.83935666470904,1.4983212791553882
-116.30101879883188,-0.443832244956265,0.23870276981770652,0.550809184843771,-0.08379135524634539,1.2617602600216804,-0.17036276668803763,1.0750267006443543,-1.1207162082045992,-1.3024910013739643,0.24957602680627963
198.5170875738646,0.9479265437160108,0.6825612756894621,0.4011913131976077,-1.4268868072061156,1.1689330007569028,-0.3898897364317892,-1.4877099962077134,0.8500977218756931,1.4726034470608846,-0.35735167552278696
-12.547293718770284,-0.6914275319963372,0.25286065269234276,-0.016673317658551796,0.4127776074984624,0.7585851991494328,0.594599889110633,-0.7961787416599988,-0.8573704278156287,0.6647866392613461,-1.6523060084703582
301.39546090604017,0.8913888232077859,-1.5969163191923088,0.0504506318948647,1.7547108023422215,1.2077938932370285,-0.30419469020968126,-1.1815868828502412,0.5015975592398753,0.757116411860791,1.476549626036087
-46.13279408099283,-0.6235753339783892,-0.29109913614546595,-0.6606732035206273,-0.9276353621500335,0.7348446782921516,-0.2245974457317959,-1.0720044284658738,-0.9307016289881164,1.3420755533450779,0.38491787135691224
230.56933269583035,0.5290803301949789,-0.970559181162194,0.3369863457161391,1.5413562336718836,3.067154151350638,0.17798034355071227,1.4562260029972676,-0.4773285736191834,-0.4205660940724185,1.1432269566208875
-47.44152739053831,0.6975895747084628,0.09072469146991963,0.7218039402789456,-0.5890797319897696,0.28564082990773126,-1.269042999656171,0.34464188329900786,-0.2704545019931735,-0.21830583270679108,-0.19101871389827949
114.98020424026971,1.2950075752887582,-0.21238241266323335,0.016538553316027087,1.0908171539608822,-1.0863456138802365,-0.08290244302023163,-0.07117193043606548,-0.7311691726094857,-0.2322566497590295,0.994311270932084
-176.5359410685022,0.6470770112299871,-0.8199403075717487,-1.0847244954766424,0.07370914758235421,-0.37273466536949207,-1.1942207844431818,-1.343745703551819,-1.794018530021953,0.437494482725609,0.4503453950815446
149.9869721964906,0.2491654500721372,1.228886668231188,-0.2242298165748269,2.4561914485516647,-0.9674146273824297,-0.7792047636247749,2.5918656342200785,1.4290023715973923,0.27404417984162505,0.798416792344525
-364.79326673210824,-2.3715214638836364,1.9319117127761478,-0.6380065246872154,0.7646840288203606,-2.1695476316830153,-1.4534941545731666,-0.7914294083213326,-0.18030484320304585,-0.1116281537107612,0.6694179476605776
-64.7956553443534,-0.08844016742031552,1.179661284335765,0.30207600096962556,-0.8920684356298241,-0.7097758612416055,-0.6704090850664725,0.1517329241307701,0.7066283082476821,0.1463344578433227,-0.3909025507860112
224.0831077020122,1.115277248595626,0.014605255452303694,0.3318264837867812,-0.39357860586349663,0.7154929352091772,-1.0472724847760115,-0.061981145191824086,0.8451436391289525,2.466099939787833,-1.3846647811337018
-195.23924000787565,-0.22336292179193862,0.7710872696811608,0.14515642596889092,-1.1341704619154127,-0.06734925051392218,-2.263403325434898,-1.2331090592722553,2.0097980364654893,-0.39571109521149694,0.524509315483467
13.535373928368472,0.3925189243103671,1.3312308159909159,-2.6553138717344105,-0.6842665887672416,1.1323146568454878,2.454178571018825,-0.7962927033186493,1.4440841476417605,-0.550270415657103,0.19167733701427256
-296.0446649958287,-2.3522967728009956,-0.5096732090319431,-0.25605755813495296,0.4085724619838299,-0.6137367349580268,-0.764906026856931,1.7338803624324048,-0.07842490733233068,0.007078022115498916,-0.42939847548229426
161.6093139124352,1.889691153429288,1.3413553035059442,-0.06096721590244496,0.49325317611186725,0.8898338454253425,0.03988244285395386,-0.21449589126732557,-1.5852948994510376,0.2155544505895276,-0.09010025312261737
-319.62450323467795,-0.7633877227292306,-0.9770197933656514,-1.9825148094110214,-0.6620354335350864,1.4676118568243868,-1.5526504940552595,-1.3981224200175777,0.5805974536794661,1.2261969644652073,-1.3480461579511536
102.99355743611426,-0.522120368392026,1.5065524766152567,1.089192494605541,-0.6957799283781438,0.996001730705536,0.7341531797100105,-1.6690298798888523,-0.145795614038713,-0.7640736110967152,1.028287551517263
248.97212829235303,-0.1374756962937099,0.3238117569582986,1.4255060886046456,0.9624861428953819,0.4426922030926422,-0.6296483444654642,-0.8388493554475587,0.8775807758769648,0.5386105605256885,0.8705876056657808
108.8807490999037,0.9642085711535274,-0.21695626032697643,0.9560200531678132,0.30103232675766856,-2.294409096889016,0.30803468395463873,-0.44178687015101736,-2.2470362270762565,-0.1830672456507596,1.2491398025604132
118.7958744826137,-0.6115624115300355,-0.7225092800039499,2.019365721984527,0.05529679079106887,-0.5348287599263392,-0.570520072063751,-0.9516908239445893,0.22190192339975676,1.16079519785483,-1.4835347587811156
-128.65683825347207,-0.3526016498465196,1.077486781022607,-0.4928338806875823,-0.4866300577581367,-0.19443935746312324,-1.557346866555684,0.007887138589014473,0.26117981327280926,0.9427539520291487,0.0350594662425976
-184.79397132554644,-0.7277028555484693,1.0497900084879888,-0.12890034887541046,-0.7025496204829603,0.5182740567718465,-0.5737063627221449,-1.1791645620591578,-0.5112883199605335,-0.10797451882181287,-0.4865178135577899
-139.39725913150852,0.1727716517551568,-0.8675090308855964,-0.5252430841691619,0.5027833659314089,-1.6872045082986749,-1.879267661401321,-0.36727841952405266,-0.8233818625103972,1.4206326863693428,-0.26284434831719466
319.3294092295155,1.039699621095172,0.5534785047329267,-0.33501050987971215,-0.10001184852972746,0.7038065133406542,0.1416673410000831,-0.5641096806253701,1.589266292396492,1.0941691929009625,1.6146528176280615
92.61518657052173,0.7662373256945649,1.065158114056488,0.5355878432610118,0.1932349900742621,0.1651722233756826,-1.6489927373698354,-0.6338358956944696,-1.117856864983747,1.6685028524875005,-0.24167047321778182
-0.48982226430081255,-0.5553773189374432,-0.38114725539680966,-0.8216336983770908,-0.33087295513608533,-0.20229382330884474,-0.12669654203055927,-0.7910113321576888,-0.86838887087912,2.8592023608197943,-1.731452893194363
368.16693137551323,0.9377981150962054,-0.6041393083053737,-0.022130614393058003,-0.37798460353912067,0.21982700599337684,1.5544574958857749,1.6549993528125395,2.1354248962842997,1.1535166691958596,-0.32527063220150637
-328.6009020199823,-0.20240413823065284,0.8258047244635024,-1.0419669984460065,-1.144697845639705,-0.1628621117839043,-1.4292511460591917,-1.8951271339238773,-2.5855770788594654,0.41996352768669676,0.38847149233018824
-63.740741496177165,-0.5631036314553816,0.5684224554810835,-0.6171127643679636,0.7347801680381225,-0.005872231393655402,-0.6939046970200992,1.4123994175454422,-0.38143072116002225,0.9304278651047082,-0.35194863346043337
117.52996010491037,-0.5813563149376639,-1.0873339166078262,1.3026505565578947,-0.19460997806933553,1.1257695930569085,-0.4525368445492991,0.3030722575323025,-0.7345692687358912,0.21289048511131353,1.5259628166048327
-109.2378631855724,1.6056632933748547,1.542207139057822,0.5794986596402096,-0.18609181453253296,-2.149473745791467,-0.26985818521714316,-0.5243181547842728,-2.3658899674250047,-1.4025250412065207,0.07005079065753195
276.7645738037231,0.5321308464135329,0.41186957746464525,0.8973025129034716,-0.2683564361234859,-1.9788760801955003,0.707720399651821,0.8961039507363286,0.4554446978879033,1.1520452864868396,0.3353943457767575
210.5021224464997,-0.8098832344706229,0.2548616562213157,0.5570788141898234,0.2525372878454829,-0.2104694787424964,0.45352383008360214,-1.3265852979360924,1.775776946083908,1.2923829309645913,-0.2249119420919719
-50.43035412464661,-0.9152767147135048,-1.5522575170475412,0.16620230429842295,1.6622642483461187,-0.6780928455479728,0.026155280659698597,-0.3875767155615856,-2.407033501423486,0.2515040560555613,0.46034120425069186
136.31772659094355,0.5813583927859383,0.5861583727388525,-1.248450851703367,1.279192057188234,-1.2618093435399809,0.28299434746210406,0.11469052578360654,1.9203159499605673,0.7821250388077691,0.19576338016712225
364.86194853807194,-0.16809818191302248,-0.681477126938119,1.3944945774894362,0.6245856140097482,0.6433337107078221,-0.3336832482627601,-0.39794406603527516,1.2901455640408852,1.5605118701029457,0.8784856657359826
263.40966643783867,1.8167443004790687,0.045954133945690784,0.9493932171290664,-0.9150636029813208,-0.06939041388083793,1.1946577201903665,0.6661872177061098,-1.064761163200559,-0.31129497766342334,0.6808850402686747
50.84300890457452,-0.12550592122758228,0.2061991536766983,0.2968872478186449,0.5422664304446522,0.8655738744309327,-1.0737149785041211,0.2741880829458255,1.410551605505272,0.006159395318202433,0.5750551556786699
-122.102973042961,-0.1909472098592168,-1.0379620804222889,0.2867905603356502,-0.3607289681674267,-0.14792954921147938,-1.4296724713220792,1.5910669251627299,-0.03370422534957551,0.4160591990639016,-0.4237651937835833
235.59916900301772,0.05098816877306794,-0.6497677585017753,0.4549763441358973,0.2584013772476723,-0.38864414023016386,-0.3363534415248646,0.332409975318644,0.6273289714738572,1.6607581305588814,0.8234663408313024
-149.75277390792445,-1.6331931662884125,0.020691711116975972,-1.0754759093135753,1.3116169611674051,-0.6264094138401289,0.5764372566830207,-0.7939547741484628,-2.482457583537377,0.7091442815913783,0.16435034100650237
57.6645537098706,0.4622029818020522,-0.7224029795514259,-1.7104750337387462,-0.33061823738852186,-0.4951063114546241,1.347029210846437,-1.0160107550013002,-0.05269626041927038,0.6268125823358337,0.874658829014969
355.5968665513473,1.5138608147242802,0.10137534645998311,1.8995704616651805,0.021665370487895633,0.21685456210458973,0.1064273564476818,0.6096162146994836,1.7321686294408059,-0.471057451484712,0.4458385395429389
-18.044105898917792,2.725503023774301,-0.13447559016105384,-1.204586737502627,0.017466624753230107,-0.6827466418978912,-0.9909109317642774,-0.9921555856035169,-1.1054190554694,0.7477919314136549,-0.8101186234402908
-280.47840164401384,-0.2870503372203423,-1.396321379718852,-0.17110086057822926,-0.057396983678269585,0.2642898545868904,-0.51702278703321,1.576087096314649,-1.4234052885310116,-0.864618777962441,-1.1873495289426326
-161.1877040243997,0.11218959070176641,-1.3818027966672288,-0.2723248227404926,0.08212810996740519,-0.5279698901665082,-1.2832467941978463,0.41294669093477704,-1.131544458018837,0.1706054234782449,0.3168776293923299
86.35196613954082,-0.038658000280363494,-1.8854597298139775,-1.1455895827810025,0.0014905017907548886,-1.0774009596821892,2.122153116240093,-0.0567595600997831,-1.1471852632206978,0.8607041909975038,0.2517540748672175
13.930188354171342,0.40722850325506366,0.23529969391023348,0.523548225469319,0.7766334424973145,-0.7937387429101255,0.09708320294758248,-0.4506855701507495,-0.33275863145166756,-1.0409867808346127,0.4029216109401437
-263.32370109924636,-1.921008802320529,0.3821829351875982,0.004475159323569405,-1.1045201734331502,-1.12630895873303,0.7044964991871734,-1.610160996742763,-0.1621728758089442,-0.9155448489698479,-0.07193610477291616
17.68766090916982,-0.4156880511203221,-0.05488630823936603,0.5886140841161955,0.7688091888312008,0.8578378098254359,0.5787042420925486,0.8046372437640483,-0.227463506258704,-0.4005387015703808,-1.4113336165266002
-176.10034108427845,0.22097405056568062,-0.7600965877744972,-0.5714686102262203,0.5408647236497375,-1.7564169264430054,-0.6959764186065779,0.5129748653151469,-0.42644205243830957,-0.12848848014767564,-0.4856478083147236
-71.58611871490976,-0.9850610958960037,-0.43558926418463706,-0.08448477326977381,-0.3931335103630531,-1.4905763033846933,0.5428028792471962,-0.35130828984853546,-0.26720329729543163,1.0453051020808957,-1.3259604835368284
119.14853020528048,0.5218092120322778,-0.2867946335347394,-0.9414314546933024,-0.026653507066671987,0.21769315612648507,0.6620322670472842,1.256363894246445,-0.42420554280202577,0.998647983217109,0.46610607290148354
-0.39548961669760274,0.24038204683418532,0.02649056508426912,-1.994995542993086,2.2499996516319385,0.2712286764195701,0.538913572033951,0.10649892405290767,-1.3552998594823489,1.7030081622241546,-2.0704776346130114
-67.44155755218337,-0.46319450286672087,-0.4198892064136846,-1.4934236005075474,-1.1303561817975865,0.3149875389688695,0.8711896370922154,-0.06952758191562339,1.8674835169934672,0.2765443275592597,-0.27184233172741695
148.50463230199517,0.6300949029638289,1.2310988471598083,0.3754206471578744,-0.007967796388049064,0.24775138461498883,0.9932788842085479,-0.30815675820749294,-0.4845842358368576,0.025589674584207352,-0.5391970197049907
214.9026524827304,0.5369529467170135,-1.7887676978050309,1.014748273649584,1.4602074117063288,-0.10013125527621838,1.707929080117288,0.09476934080623592,-0.18775522192554447,-1.0592725276342512,-0.2925371605672105
112.43035572131916,0.5903768386304735,0.13281659938371398,-0.3687333224184739,1.1524332206026067,-0.0029630649079782365,1.4903811855683196,-0.4004209688921286,-0.6941936978957859,-0.6447166903884172,0.06400565902915901
119.86088368147792,-0.13214573823494413,-2.4857648616180024,1.8423525742374982,1.0020489628189775,0.5972336418066467,-0.9074936121271303,-0.17923419782958502,0.13158126803091816,0.21261570985875852,-0.522538240233784
-113.99300559387939,-0.26506431108173756,-0.34182651386748425,-0.3730606105435693,-0.8548368511294401,0.5863781666858071,-0.007204021638910906,-0.6510387992437319,-0.633074567094672,-0.035483054539422854,-0.05413331814003783
229.4484978514381,0.9540609035012544,-0.6211886040750718,1.419788131101693,0.8088284794449812,1.4862368772319972,-0.3446113445195094,0.8405193341877902,-2.753861070227741,0.2909375436383219,1.0273848805237507
-128.3066885217683,-0.3384717563362592,0.6014566720680103,-1.532163989779935,-1.0334578537813093,-0.37890790836667587,0.7184676913675341,-1.6125597773748555,0.06498885115811147,1.1740178524850116,-1.6314674412594152
230.74300228639683,0.12102780531119561,1.7073365334023516,1.6371193833743733,0.7624469232553085,-1.0950668741036134,1.1369082967190114,-0.3844080358207755,1.1690485467844214,-1.0642389709070939,0.07712123148451965
71.34837993566893,-0.0857135392009516,0.38464258827232073,-0.01840946015807806,-0.5160674744372162,-0.08884686204082695,0.9521780030121837,1.1088931426889659,0.4425630328546381,-0.7135890852986596,1.3503868186087653
151.73089873198936,1.6969423600701976,0.2479207455656513,1.2021991084705912,-0.007700004263513873,-0.3026473215697942,0.799171995218019,0.11479787212674149,-0.3868452637310406,-1.0247605408258902,-0.9947246631345777
8.52702663440445,0.9548847957229111,-3.0664441785890513,1.3684085492048323,-1.1464967095184835,0.6149114836195194,-1.5055044491077718,-0.5167932272103896,0.7801220462426431,-0.4783556600770574,0.4520316861692425
-65.74879265079372,-0.7905563856473717,-0.22022872097859553,0.1522112234974778,0.7129726912308681,0.3830813672134625,0.9321884929020133,0.4877534724765255,0.36056060472432855,-0.7835979486796874,-1.6461091838812532
187.47661737923156,1.0478671164558155,-0.36421355345694617,2.3538719949375264,-1.0279963525927482,-0.06572696342788999,-0.7837088878344066,1.1018713734655488,0.5348913409076335,-0.39075393735641667,0.3793882973897174
-137.84184003234805,-0.5619511133424794,-1.4211616877722992,-0.38046680940402855,-0.058832280391723585,-1.6637549049566371,-0.32950156545411546,-1.2303058051513127,-1.0081798745340271,1.2475122780085144,-1.0269390715849842
37.93770907178465,0.20012824209782407,0.07414087191213381,0.40786966384319306,0.39193322533582237,-0.9432445945767551,-0.5257770837453376,-0.4572164180245235,0.0934648272045647,0.669557523584525,-0.6115961424542395
-131.43397239878635,0.6945596795721877,0.09722889658405721,-1.4725977400546655,-1.1045511959342136,-1.4976957030708826,0.4645759507969033,0.1851016905556441,-0.31255705457559674,-0.3340503551501635,0.8603990538837764
174.32859968736935,0.11685218724336524,1.6676681306570242,1.1518234114231631,1.7252512597291503,-0.9978186989047211,1.458635777703797,-0.9326696494503225,0.12411825698892774,-0.8000994002692358,-1.364207743643505
-44.22656123267154,0.8021611768264708,0.11130683359827648,0.010573781970371815,1.042179041651516,-0.35330961319974513,-1.3322975023288568,-0.3990264061280842,0.6666720963901038,-0.7006435287428474,0.33547071113418164
117.375433843318,0.33959834586589965,1.939655723686863,1.0879509989880707,-0.7991864855021908,-0.23664947959735932,-0.7890320220106057,-1.3383914531954493,3.571278675795975,-0.24241636069871422,-0.36915832974725965
-347.1212128507017,-0.9278055022151581,-0.9130054613052365,-0.08495358487343613,-1.0623629731339126,0.3987640945746445,-2.0796851791023303,0.6627259509361645,-1.2507394762750335,0.547199386752488,-0.9179064865853738
-3.187412032689167,1.177292154951417,0.6912597212638385,-1.284401430634778,0.6086962709151416,-0.06328056080903185,0.3569363515729141,0.4366688594856988,-0.33609966646534356,-0.9454714000779977,1.306600016137448
39.38239670863577,-0.514509543950833,1.4777533518592512,-0.627113561969689,-0.8827330022523657,1.1948583318509463,1.202126454196202,0.6956145375152003,-1.3813598067904826,0.7377994668708424,0.0846674446509739
-111.3444354316511,0.9589380450882529,-0.13650599473559294,0.5428868186021382,-1.7796380632315028,0.23361246643060635,-1.3532900931857785,1.2955201285496356,-2.211054775709166,-0.06987880365596578,0.8162052538011962
51.3528973345345,-0.13880474863911926,0.7630738103565998,0.45152688016348463,1.0478668700566143,-0.4915585657530946,0.9375112003224897,0.7792783038452776,0.19308202173561118,-1.2478846396540686,0.08938736927097159
264.1683491996185,0.417937516085304,-1.2895703747534617,2.0281605741386355,1.0053949611920503,0.08315769420307485,1.9640911976219637,0.6925850215658027,-1.0946487952663766,-1.133861309602237,-0.5279009751764806
329.4478757788034,-0.5286067399498027,-0.29448021687344184,1.398481432583964,0.8652136452511761,0.9392140095271189,0.992705405990426,1.2395619735840426,0.239936316343954,1.084772509037561,-0.5437444329379852
-124.38650236025194,0.7835465438909237,-0.15277798462324738,-0.10477088767538491,0.10619283034744104,1.611528020061863,-0.0008813892317264081,0.9771285998705508,-0.24995609833645155,-1.2224912589310901,-1.977120727479578
121.7487542449655,0.5190708115988059,-0.7390680747959416,-0.3572250756542351,0.1710110842178371,0.44129186015356103,2.0073834873728815,-1.261344303663012,0.11375457703062196,-0.11654409984849141,-1.32795258702202
-147.31854307261085,1.6566136879691489,-0.8698925135323917,-0.4230739762865725,-0.5622166307387239,1.3876392480648878,-0.8131383768947896,0.02906780082262519,-1.108717923967849,-1.2778848598758485,-0.08595160711763798
-244.221667847334,-2.8627610096919422,1.2610056000915262,-0.07691855135316471,0.0877647410381048,-0.4736688861516612,-0.07657950440528333,-2.0301665041976316,0.6468031408306709,-1.0019025335377718,1.4034551582662953
8.004556567937854,-1.1290568752840955,0.2217277082015386,-0.09722154731879243,0.11064438579580782,0.1524593772342919,1.9152499459677188,1.3053257394123499,-1.3909706074940256,-0.12060611388068172,-0.38708848263748874
-110.28647011794463,-0.6992970441419505,-0.8586517657528199,-1.3283182520544186,0.5722323654106044,0.9831428588537723,0.6454336518150854,-1.383253552857638,1.1165121321772864,-0.4634842790624451,-0.4356589368649084
31.35667514992519,0.34733114700552054,-0.21589104012598528,-0.9687215611244163,0.7285137221636045,-1.0253535180010906,0.2121759109681652,0.31533270789208,-0.5704054784254954,1.236623510939087,-0.540863180306247
91.03520313206855,-0.9196230374047558,0.56286318976085,1.6879092954301806,-0.320470668165628,0.9075971469879842,0.14205347358048143,-0.49184580713514764,-0.8771556149016448,-0.029334091544655598,0.23892805960391267
274.5703379895364,1.5409195253156212,1.3227803209885243,-0.20100161337473332,0.8383524081633537,0.44871973159545187,-0.4783764988900076,0.40510091678775534,0.3727253571217549,1.4722011941174946,-0.017030666914147688
-183.21671070066196,-0.4975861789068311,-0.4822240445999194,0.7319067905336988,-0.8991464730428873,-0.16934162449019338,-0.12230755964186427,0.8337827757194269,-0.32573835548512864,-1.2488299166536008,-0.5097911750400993
-217.18186584105285,0.7190167432203369,0.1520431927927847,-0.026335138742671033,-0.9025208452130968,-1.3065552813628087,-1.4616958301730723,0.3952926313223693,-1.0281527986580865,0.12637379969223816,-0.913412989273614
-63.581663811173144,0.5766144821245093,-0.7909448810118986,0.8110406105770519,-0.07304958105082668,-0.40504103077021586,0.11861633551927803,1.0240945462565672,-1.6449458179099756,-1.6565843390064874,0.7960440213957996
119.79632123228262,-2.417608732285664,0.04456974652327265,0.5427828097560636,0.9079376603397925,-0.24048290580597334,1.398744938499382,-1.5060646775144246,0.7426004152826686,0.927673313146096,-0.2778142437089896
303.08239753270726,0.36387125041441987,-1.4789499510946225,0.5388238737871118,1.4132865573695113,0.1441537924134283,0.30817219042362237,0.8025877058105397,0.6788129910448182,1.061509768195476,0.29127991042552864
8.342673655061077,0.6331884871463689,0.06185677504082842,0.7737880799021102,-0.2805638862332893,1.233645052597617,-2.3204959039158948,0.14271300607815132,0.3267031545706497,0.5817578307888285,0.10644131102486472
-90.57030877350768,0.8844271688068369,0.1418478621945613,-1.1485160178372473,-0.47005252163538663,-0.14045158136456462,-0.5113252325703206,1.2892856185556179,0.9381417534057231,-0.32364644954084126,0.24649730649391527
77.54853420843514,1.0259843100510335,0.13829427451586307,-1.4417240129800173,-0.8695024205740459,-0.14635551909182146,0.6998322574688276,-0.21944651655787645,1.1623654012570233,0.7729895831759145,-0.027373918935710756
84.68240197770763,-0.5524990967452826,0.17268035094000045,1.476547894572772,2.2862494496651937,-0.27212816317536875,-0.17921110446240818,0.42664712254800924,0.5762470540667834,-1.2884539248476958,0.1567977653817738
-204.81991416553973,-0.15717859960959085,1.6294397825875928,-0.9488527813948435,0.6914777291595641,0.7195316562535273,-0.5659281888785334,1.5534388057706117,-0.10913015525743364,-0.44102721405045164,-1.5324140338361711
-17.433266363227766,-0.7166919226463953,-0.7085405898002075,0.8535571230309448,-0.8585091724453593,0.3948282536877224,0.009348271133195415,0.23633815940332925,0.2967748205870703,0.44597771448984896,-1.268606838355449
-188.2816227241692,-0.3147831691181198,0.9094553462119276,0.3908041340872285,-1.428890896735645,0.48342548990316603,-0.1337988335088863,0.8235413181686685,-0.6730532660979017,-0.9380768393374198,-0.6916198070366999
52.90890404747559,1.1388345558065784,0.6486462090064338,0.5300202190858867,0.5781689942156589,-1.4661846368736027,-1.0250352366279767,-1.4036714768898935,0.8282249606318369,0.27579708135710707,-0.8461276922977796
93.9554368929342,1.3054061332635372,-0.19362610595321872,0.13477218334904043,-0.5309050741454941,0.35254300968171115,-0.5031738225495523,-0.9150375945353402,-0.0805167206497458,0.17820470628456558,0.5989793294648263
-328.0676126257155,-0.9091643809661024,-0.9025338796915325,-0.42202351617870626,-1.3611954523897618,-0.9818865282975899,-0.9118360889327625,0.08804392403017126,-0.5966373146048787,0.4566062412338724,-1.3053139821472874
31.767988174416217,-0.47334975911380894,0.5211169545839248,0.5181598326162479,-0.030486021935237605,0.5735304359404212,1.0573226729348306,-0.7399002938631991,0.42708587059686487,-0.641440509706689,-0.9047563731554514
-10.568687752543127,0.7237231625282671,-1.7630314497948336,0.7636581727959841,0.07145674498579507,-0.11649700737229732,0.23691614326104662,-0.7281731059710251,0.41693652954556304,-1.6686734118430409,0.050216082138499096
-58.63935511073353,1.0148460924414537,-0.25970470740216794,0.08749989632534681,0.6167540533294549,-0.8097894607413011,-0.7681420289660691,-1.340248424559869,0.0569744831063948,-1.1336909889553994,0.5717536671462884
68.20704084370163,0.38474557233605194,0.5401681669563319,-0.947660703622069,0.15816189621871785,0.2277412848618365,-0.5719034784716507,0.1772029721562484,0.1667126189316929,1.1829610457736461,0.8457184794423486
246.36751330734853,0.905801502035362,-0.907220175393898,0.9075377879728945,1.4057693836693952,-0.7929626413377118,0.4961261192819624,-1.456298015739293,-1.6056397971604657,1.0471141963240806,-0.574125383343552
-39.45202934725074,-0.21814274318433735,0.7554887494770484,-0.42461158205912947,-0.39302303832419094,1.6251608710363297,-0.859119532871195,-1.9949912413037088,-0.49559705534028264,1.336729333435788,-0.8291416249170636
-190.43897952781666,-0.6449661855322523,-1.2788208621922765,-2.209411229743639,1.0944557711800564,-0.7764973192148411,-0.11706290326516365,-0.8618583677140311,-0.17886104389135793,0.8029850673039592,-0.11624587852078663
-130.77399890012964,0.42815545430617935,-0.728789083943575,-1.2267354842876115,0.0784072646905885,-0.18765587857405908,1.1470895412291184,-2.2670982741263703,-2.659201342575819,-0.5030748724427196,0.15502420222691146
42.707057309792944,-1.1106228493773773,-0.33234016901389457,-0.817395452171651,0.5996168151254808,-1.27381712007744,0.021443573468382035,1.1401223287674114,-1.2074601468835056,1.3543972798153188,2.5220156061770003
169.41640957463946,-1.1959260396160067,0.18380941422960365,0.12852928309366055,-0.09647241487154234,0.38234241010828285,1.5870731411005,1.3269130705963228,-0.10529752840598078,1.2320772260445545,-0.3281521618090213
178.53588970585918,0.3910764469732301,0.11692099231410882,-0.21585023959721092,-0.9944386943405413,0.09755082025947155,0.020174390514957157,-0.856418968870452,1.0703152581553856,1.6945814091330091,0.20468816949773047
147.5343920085026,1.032409893184504,0.3082723049485357,-0.11274488521618091,-1.7266264483036458,-1.485979006728546,1.2009837759061721,0.8567300585575326,-0.0999794361535227,1.209038962650829,-0.6426932262343059
-217.15547870480827,0.5266335954056203,-1.463263918376659,-2.1077781513280476,0.7280615423658517,0.5769721689630033,-1.0637292877140154,0.5243740829000391,-0.4519944968798928,0.6087058120212113,-0.8401519560257712
-122.63613469653166,0.06196539316529372,-0.8252232588031843,0.13926597654287418,0.02599269124424439,0.8382119287598879,1.0816949494483017,-1.317254820719755,-0.1611196824666691,-1.8691072981260028,-1.293525918784402
129.88105333404445,2.104450156323474,1.0819248895901787,-0.8617489878769914,-0.30479115962142056,1.1488435256561984,-0.23312131516114667,0.8127986900325399,0.6417557648950453,-1.2851249212396276,2.8668454889077695
-227.69873469096606,-0.16184310532332785,-0.3493196738483075,-0.8052961611924476,0.20511065393356345,-1.5585447806065893,-1.0400365556251594,0.10670933786423734,1.0238887768867606,-0.6076046664184045,0.1842461653391367
152.4063959281276,0.4908526464980965,0.5381172739223893,0.5813252438322234,1.8818892606548916,1.047560737639537,-0.03935790262124878,3.1614549265980356,1.3315549920962828,-0.7774285001642826,-0.7404188927468933
-85.18178711887256,0.082024413381187,1.135672192569531,-0.7746007487119155,-0.0778407642034855,-1.8815918099245126,0.7634441619002569,0.7366789523634178,-1.1113483910216901,0.17927764644672334,-0.5105846944696717
107.7722926300096,1.119087640746897,-0.10306973019112148,0.1690066725962322,-0.8194616218865577,-0.3589089050386972,-0.3049749168606397,0.9268880664089525,-0.5499925229916299,1.5298526680708442,-1.043561040976721
-49.1057842136411,0.6008792661407667,1.7597648702193416,-0.4394629440563801,-1.0455300184468397,0.5382469115135964,-0.4825794501115071,0.20778301799169674,-1.584237520508178,1.1561045482412469,-1.001386789989976
256.54658863482337,0.4071340782146433,0.5397429877096053,1.0368951812583094,-0.0967166751043009,-0.7440496252797376,0.7121767386221732,0.18768879994636686,-0.8795396860565572,1.3718751655204864,-0.3952105662175746
12.017781340557669,1.1489631022593338,-0.9970939032263444,-0.9692357500346747,0.7103763936911113,-0.619808828683753,-1.3853068361304066,-1.0059739247717354,0.1853228716014139,0.34871625158812186,1.913600737839194
57.17790722019574,-0.5018220071194931,0.9072477825283165,-0.6145849309482807,0.5940827444882523,0.14921036962907372,-0.020890169719364828,-0.028352637632273636,0.11192145844864108,0.2712573567859974,1.7914967763282803
-229.17709558300794,-0.4963999002443827,-0.7297995973950422,0.09765452307941884,-0.2275222390490864,0.34526116700853504,-1.1311709344600853,-0.2617699978540764,-0.16192145120416976,-0.9468561847060016,0.13327891010549733
-64.95553668985914,0.8957046787488384,-0.6904474860596946,-0.3731347189419617,-0.34779653864295224,1.3672889724085187,0.7648984499121795,2.1729547124122472,-0.5992450352009892,-2.3024358930109536,1.1228196075957524
161.92977982006238,0.15045026469458472,0.3217833343957393,1.0271086906969127,-0.051980600438525495,-0.18446884637161687,1.6715199336146156,-0.8538329802915544,1.1800633274038095,-0.9741216766736042,-0.7847791163307518
227.89652429618423,0.15841458050708873,0.2604739644977449,-0.7134700987630777,1.0699070750057011,-1.4476105402767845,1.011251391746995,0.4782407899799493,0.5452655518844272,1.6938490323186508,-0.07517682279876965
83.1576122810578,-0.8921818454829187,0.8368967757090499,1.5662314893058715,-0.7092419163806124,1.0438831585104207,-1.1670916907107025,-0.5157942285418332,0.4313382452989717,1.466110330012342,-0.9873158639485835
-76.61446339529579,-0.7253856579292594,0.5594417414624451,1.272940915426926,-0.6660626796143109,1.244577616390371,-0.9758012639550613,0.13576422625842605,-1.3246815151629,-0.6939495684412742,1.0745659221614583
-89.2849609175216,0.5941987376327492,2.494421051393491,-0.9023291667019459,-0.6607305575822824,-1.5970048609934502,0.9410460367979223,-1.1271923749441337,0.37198368148863836,-1.3133533520388416,0.5964508174744539
266.876707547747,0.8371242333349838,0.037715323660842646,1.438078490991013,0.9644152087521706,0.33860440353254817,1.9270070323475912,-0.5587026503524737,-2.393698233426023,-1.1051776131684166,0.6894729884935096
18.007150836582525,-0.7984978049391622,-0.30943415924160406,1.564706956798522,0.058394843258693756,0.09637007711683855,-1.1197630345281102,-0.3423753198899891,0.09067233641305722,0.6546957256763498,-0.7236498347723541
232.00701650210033,1.6212839755544406,0.7808691415670073,1.819748538486038,1.587703699383567,0.1904249247060924,-0.46846392228875977,1.8698695219905457,0.370942943116295,-0.6544880797310274,-1.3289459705864402
-118.8083354037606,-0.3704691447273219,-1.3100230960783623,-0.8963591125302819,0.07837923657592213,-1.4276505728810722,-0.12861926994732475,1.1048477904620537,2.634551623318139,0.692252561891622,-2.2859998651515516
263.5489346149358,0.6135807389969353,-0.9033722864916637,0.2683708873695556,-0.1847454499599728,-0.6134031060207709,0.546838970458753,-0.14437530529826179,0.7810181898870484,1.318913814543524,0.4087915501445027
-207.25899957626524,-1.4899166737931193,0.3271727009372764,0.7325269435517906,-0.9675482947751197,0.9278204636560151,-0.5295545155922775,-0.6317779935965517,-0.9345541155523209,0.21424938393879278,-1.6671979059217588
-44.99124380632937,-0.6922762529524367,0.1556111920286674,1.8751249842098425,-1.9564367205840212,0.978437107994652,0.5184929935006587,3.083265172306574,0.4737128808814564,-1.6256624784765799,-0.4834413100577012
100.74210456570617,-0.03361798783253381,0.9832073234723789,1.4751070985628116,-0.6841380521558471,1.4652380814648707,0.5294468433642552,-0.7163945267038365,0.4966279037790186,0.02842554330717405,-2.4017584020632237
-28.189936233806208,-0.34451387882439766,-0.5603925120545856,0.8001193205931039,0.5605269535934249,-0.4699198897678602,-1.323385306784587,-1.5394317162430329,-1.2274064649971816,0.8071387012289211,0.0745804087725028
-216.2956001980333,-0.45077240080564984,-0.061818319210767025,-0.4556404638800112,-0.6488068332348464,-1.716080880771587,0.3176739910830306,0.9775411843001904,0.062047431650155555,-0.8042870888517097,-0.42610291319626004
198.45453763301424,0.10873159385672014,-0.8156062420986697,-0.7228733607974366,-0.45940114787579717,-0.7781783285220467,0.6305862764473863,0.16265192376041757,0.8991926887834422,1.9559848305156649,0.6237272413076617
158.0291009284353,-0.20235165039799863,0.4213229891623127,1.284022234535538,-1.4756165971682635,0.8231119707404936,0.4740109625291865,0.11205169722997234,0.5487093791447033,0.1295883555911114,0.38919290853156097
85.24390866547273,1.8481788841092106,0.44732007111736727,0.36680445423909963,-2.3763715124793965,-1.3160853096458678,-0.5502327545971009,0.6007256256753283,0.3792636909528558,0.9819858097804975,-0.36399937804669286
-138.42436014720505,-0.3424769813394409,-1.6157204977309172,-1.4281323721649706,-0.7475314102353237,-0.9366310973912003,1.5690328256738553,-0.9300649175422745,-0.7829806295223483,-0.42800617546250175,0.5719376428425468
57.8391155570728,-0.8739638709716535,-0.024738241343890147,0.27074058592149836,0.8122999571649008,0.7646485961081328,0.6118317394271086,-1.5106776461007896,-2.089187948480163,0.2393381729958126,0.9412489426447851
-147.73899177122962,-0.16322955820495688,-1.0157682653461209,0.5064076372442589,-0.8006742294738617,0.7901954298233295,-1.7578419626901682,-0.3697535124023717,1.3430452010986844,0.3623585795974358,-1.685121494813419
245.2058647183613,0.1007098293474767,-0.8445293613324159,1.4361779688319358,0.7790788665688209,0.6504986499222536,0.10662143219833388,-0.3961857973816347,0.520928766837459,0.9777952633206609,-1.2913510887372697
339.76716446705717,1.036954476290915,-0.6968736663889046,1.2493425493231234,0.5846611525421307,-0.29824992305672954,0.0366152422980266,0.3761715790223987,0.12606662803398866,1.1331615124886265,0.21680641751466503
20.43218800844543,-0.6918830767761194,0.7115300757578822,0.8902471043837376,0.2184383682443963,0.5720734867908805,-1.2018658357264314,-1.3475764710287432,0.5570564608717857,0.33721713779251994,0.3673205881552885
-67.13615445453713,-0.47257053713299824,0.6496156219638811,1.0761026843898025,-0.5218656507588263,0.5208682035224723,0.8575917348313749,-2.2924818743563935,-0.2868594116910404,-2.1271512467671116,0.3298652918881167
277.0092724927832,1.5189059305800217,-1.241852915951193,0.04325601557873872,2.4599101698627974,0.8249716825341369,0.9861044954416678,1.0384083073300068,0.7085796306622313,-1.4185449341243954,1.0965667784986373
-338.2441824977438,0.9513461707992907,-0.2771318076466014,-0.9790726950991308,0.661609264121234,-1.0654500860069234,-2.521372285532592,0.6074238417972159,-0.557614986053134,-0.7159410569844176,-0.1720153570617804
120.39459874271965,-0.8782661687692862,0.4755800505083792,1.9481526556538857,-0.9174158383099347,0.5868110602386261,-1.4536875021914106,0.09870391052685122,0.3442983549237303,1.4879564386067967,0.01281087452279326
-93.99381521447242,-1.3422493325317841,-0.2655787295975897,0.7802683816798975,-1.2270249633384163,0.6195475727912123,-0.39497043061788145,0.19951065096869602,-0.04209560549344465,-0.42570391568390165,1.1345898576709648
-213.37967623400974,-0.9953949067408886,-0.21127189568121635,-1.0493937027026095,2.3863290492475513,0.689878806385341,-0.7643363607448411,-0.18228377871918028,1.7898434324497348,-1.7807085403744638,0.3318157229701697
-166.99092994827487,0.525334753498273,0.6511342003500538,-0.5659890969266663,-1.0482289054173064,-1.7712001697495954,-0.588757777933412,2.452543790003976,0.5817219128819417,0.1738310555425827,-1.2305471594144344
-402.41101755588164,1.545363428952776,1.0582442844904496,-1.6069601863641017,-1.7966193906489278,-1.4158752038515712,-0.2070323487967397,-0.042319559077877045,-0.921738762580733,-1.840455286890726,-0.7320707398462437
-104.59743293254013,1.1739789844080222,0.39339051898383315,-0.8194958437940993,1.5611041686632252,0.37311184929456576,-1.0279799842940127,-0.3315674526689506,-0.31557503405868187,-0.4660178738339265,-1.0909837333590067
-154.26718014137188,0.2756601016461208,1.3517073707126996,-1.192878201003414,-1.1719200072474112,-0.2544194506234497,-0.03136384530695695,-0.4789379442203574,-0.5002119632389403,-0.10536075675533162,0.3318403401586861
116.78300846822225,-2.5514823006060396,-0.8957004300578488,0.5591561428110415,1.2288721579358748,0.598418347166185,2.020940223057522,-1.1175845678514387,1.4193858168037838,-0.56358144201973,0.5563638804674353
-231.8511697221582,-1.6158526477493154,-0.15143674182404557,-0.6322935128533971,-0.012813238285655419,-0.9670376476649932,1.1120219229962591,0.286594299186378,-1.4933034528957325,-0.5110460806671401,-0.34590598678512263
-122.88172466827605,0.6395496295691886,-1.9929411320294004,0.26113334895156376,-2.520102279302738,1.6270829839432042,-1.064689137503233,-1.3745602829012802,-0.14589091059197679,0.3221826589056824,-0.6905162679962121
-79.38634161234597,0.5562215555768317,0.4220303797923361,-0.2811361066758361,-1.115350187630441,-0.2838659663496004,-0.052753439605355765,-0.18633562448662142,-0.8821389512651606,0.6771463987048035,-1.4447690875447632
-205.63348940769743,0.30214343383162756,-0.7727125738769628,1.1260545091119034,-1.077016114631033,-0.3022761025107198,-2.289650131771539,-1.4949518386284981,0.38675708824314187,0.37723789804681845,-2.3315415636683214
-50.59729748462455,-1.3951500640948462,1.0191618880456805,1.002169881594509,-0.10840742933289894,-0.07303930825219607,1.153712545661366,-0.5516287834858976,-0.37647111722008403,-1.200107304933553,-0.25110928944697
126.5521078198892,1.4102995188057903,1.8576494804982748,0.6802490293576577,-1.0344451130866033,-0.29395432064281773,-0.16542759810257174,-1.7956692701622745,-0.4303816533971921,0.3331998594042194,-0.1575737374247543
-59.782240906854824,0.5464404628442796,0.7237403603358589,-0.4689383944218825,0.19167444105165257,0.192927648686487,0.5486278692658583,0.02002937457974513,0.2833765357870718,-0.5866526216031173,-1.6550744483961586
45.315686020158736,1.7071395218341012,-0.5575977112241416,-1.4684855249811934,1.3938857662975268,0.6878730022183343,-0.18473940537396397,-1.4131682646194164,-2.3934685247110425,0.3678995028418479,0.9598948519174818
-315.160916801285,-0.32528657984178144,0.6997501218576775,-0.27557437820981134,-0.7957173900587771,-1.0961327014472593,-2.3918622405065375,-0.23952307690131727,-0.7538942003577724,-0.08692128324348326,0.8712874030338763
-126.54692343873216,0.23384175838021456,-0.7606936654769608,-0.8208600853284999,-0.9717311117024169,1.444410193510248,-0.1960699396340087,-1.242301825904751,1.34416331522367,-0.9863905131140804,0.30216778295624014
311.9849705448571,-0.6666295597553589,-0.9979859987851064,1.4912327756924935,0.4531555839210689,-0.08169109346007468,0.8743740422100366,-0.1643760326413389,-1.542300826151596,1.4132826462796482,1.1365757060837969
-119.83651090482687,-0.648855161378135,-0.024517154427303664,1.0941136364500392,0.678290695854737,-1.9239288485393742,-0.3494985635319451,-0.06677322148999991,1.142692286488552,-1.5099732612400496,-0.3914841549625805
-187.08937791176265,-0.8960991257320841,0.446816888187755,0.24517519324836834,-0.5733302668994849,2.185439773274213,-0.8516108818055145,-0.30579265677469675,-0.6859599997452335,-1.0639331417601179,0.5886347294266066
25.000150865203295,0.4021865505701489,0.7787394604465125,1.3562573550809915,-1.441900823971351,0.43309926319006686,-1.613328193480582,0.23779658078825208,-0.8491438278047402,0.8574414764178536,0.0584253549153319
-93.83634065604353,0.2158837596945716,-0.22841017157019103,-0.2657469241057369,3.3577114514738957,1.1912204316416717,-0.7602062195076861,-0.5506621079214111,-1.0586956685381075,-0.8648971624754719,-1.5288798172698446
182.36399065141663,-0.8078643901724215,-1.6101882036455182,-0.026383559626817828,1.1955151560110846,1.3614731159717732,0.6030502667947113,1.9537864296787117,1.387936554467087,0.5978800743006059,0.16614016938105336
20.359960128972133,0.06027057788606344,0.48617093640223275,-0.45809945509075883,0.5669151488642673,0.13811341405266753,-0.28886800453725486,0.4010124208488671,-0.07285235592248822,-0.25996821253394437,1.5853859129248051
111.12892848737695,1.493673692005271,1.7982226157918673,-3.010667637331655,0.07281735331342658,-0.11079157306243238,0.9768078167253869,2.8470621585673404,0.622980157472678,1.3858067071276277,0.2596888167542924
-34.06203857562498,0.49301617348527876,0.8317381131075483,0.8368172969336569,-2.011779610784474,0.1905425090138287,0.18926237490624678,0.9256246012646699,-0.9409888079034203,-1.1193032297550438,0.9633631952236924
-260.17255769892597,-0.10154811876301412,0.9287689690244116,-1.7525971908675757,-0.03021128082647337,-1.2457985175466968,0.010994115152364405,0.017494368192469613,0.30312441153960773,-0.34977893767789897,-0.8136746987130148
-95.14577245627379,-1.80125455379137,-1.0710785940665424,-3.489342359258461,1.293041207310679,-0.47678493422237006,1.5955705896887165,-0.5302817937046432,-0.19086999643115135,2.0988007083337434,0.11388207357616013
84.065837570969,1.5011666685014697,-0.36488887162139266,0.3847861598081477,-0.7197704985914432,0.091939351915947,-0.9561093439480992,-0.10902470475459818,-0.40403322161861444,0.26796212104121236,0.7772973815163761
269.26366710538014,0.17608642190886759,-1.0315250789889938,0.7372087351353035,-0.1746939987309165,-0.722160931990433,2.1776371112638477,-2.513873470320675,-0.37695171277149175,0.2023888233875175,0.5872574134717785
46.474978267934944,1.5086089444539348,0.3468485291289645,-0.9009873509235581,0.917511163670328,-0.21092440533164608,-0.3748646584823956,-1.160109219323168,-2.168712064063321,0.06245739866251742,1.6988778110560816
-26.923083204327398,-0.5744084479710262,-0.8720688089912721,0.6410882522828245,0.3783888073003009,-0.4247284082923597,-0.6451851079088997,-2.5345344780053036,-0.9330327359337689,0.7191964927185736,-0.23855376600547132
-276.7222247487004,-0.9711486750646267,-0.52055213590862,-0.5860961018723052,-0.4880825834893583,0.4221683239130044,-1.329058902810031,-0.10217990164849416,-0.009728015311825433,-0.49145598367465676,0.7533404201106844
-52.39608483766528,1.2185397918168281,-0.0673777751529384,0.6483567592298094,0.06081602377025513,-1.4007407013278332,-0.8920573828585492,-1.033151575450643,-0.16780079438144047,-0.7938478817143473,-0.22439458043880836
-78.64648008377259,0.7411723603143299,-0.26567518751364827,-0.884061009999176,0.12450360214519827,-0.15636730549948472,-0.18597398250786837,0.517934442238596,0.05607119692643865,-0.8718242797313281,0.9129324532724078
87.64757552924263,0.7751678099294146,0.736290225608623,0.8665395389266756,-2.131864518342389,1.474963500092342,0.042308564370763024,0.994969591136032,0.02167202985380249,-0.5461999135236607,0.8448005436279347
-420.22001748761045,-1.7723055724616474,0.9194513552791079,0.8650819205123333,-1.7835117253089567,-1.0455218852985106,-1.0310634044191846,1.036751872618674,0.7649649823582276,-1.8960088678673361,-0.4587882343599259
48.70496169295697,0.07935572240628196,0.3955331698260954,-1.0849036945331865,0.4973376761375678,0.9644347798965915,-0.11761163985651267,0.05819031599829924,0.19113333705801408,1.9085521844359414,-1.7226686916577667
96.18410581752876,0.0477555523545465,-0.2570914277759361,0.1707765822739315,-1.1954032634787084,-0.28802384848714646,-0.8759799002874106,0.10878673989936137,0.4228416488345181,1.2687877431918788,1.6529903630104037
-531.928477377728,-0.7068560466983961,0.3656740895479691,-0.9721229085663844,-1.1231849370983276,-1.508857901547724,-3.6979773692592426,-0.8299693624717143,-1.1161443215242788,2.088473736498819,-2.595907680148606
21.724125370077324,-1.088437688411233,-0.9687849070507506,2.1131882702159204,-0.047467940125199594,-0.46346962342367526,0.30093431212701166,-0.8083052495701183,-0.6192601026037241,-0.9736604685936193,0.4073349688663925
-22.22115434638434,0.9445571716415873,-0.12086677774793461,-1.1530059912701118,-0.24514930571333823,-0.9211017273520953,1.0322038576165633,0.6204240785459029,0.22141395285473753,-0.7654718913382565,0.4202079556815663
-288.5768216328911,0.12852299206425036,-0.5717485908936134,-1.121783079272502,0.7538670342002568,-0.25757255450188626,-0.5258234208040241,-0.8245539940036084,0.7620334211791178,-1.3772244892915244,-1.2307857949113261
-114.53412948466234,1.2048609739977028,-0.7413470788307845,-0.2323273389498124,-0.03516624904831396,0.2814531959894984,-0.9300694676162065,0.8625932123959337,1.1770076531008167,-1.133192052044557,-0.7841212442977652
-151.41352336783018,-0.23315437591466825,0.8172513192597939,0.6441802553171433,-1.142837894954517,0.9859927189621626,-0.7729101078343357,1.8060864937801313,-0.8018387314642064,0.05680342594619976,-1.814008771560262
-110.76353266418002,-0.008958204793782695,0.1941166392483587,-0.4425174823395541,-0.5634722319645349,0.24143411288579972,-0.5800887389991344,0.5549722418781556,0.4063047566563183,-0.11965849941753912,-0.07392214822832968
310.47980571994714,1.0394964526039736,-0.8668980111310641,0.7156113630151704,0.9574925796778203,1.3711753741259243,-0.26404351854318575,0.2678957794403918,1.5191659555460666,-0.020783208764103212,1.2671160392149876
-283.6275675815541,-0.3380270846451615,0.2454598363840598,0.4556977882187646,0.6080141038953937,-1.3849397609337997,-2.9908959788137226,2.798025968615368,0.22378765889215516,0.44613898562162857,-1.7829975966485463
439.9756087298633,0.1694981871508082,1.0974667773071418,-0.7002675635928952,2.1463330785811303,0.5182535874221502,2.475342844614211,-0.2391658831086414,1.4335378496479372,0.8489935518149525,0.42844604632752264
102.88694913559335,-0.08868237628077169,0.10641488506253136,0.658655264528399,-1.1471738368303595,-1.8516866119392548,0.894146226456768,0.9509105594832047,0.4619855534782828,-0.4671332806025511,1.8545342955122168
-66.51477325279089,-1.0851867007800258,1.4423619750514662,-0.10558462372501962,-0.36089517047702546,-0.5019903525525218,1.0808170240952544,-0.24233690732941168,1.1154131530462823,-0.7793459960635115,-0.3436262324484165
184.14657569712313,0.816937227072577,-1.9983548146906294,0.8556045135137836,-0.3891130613690481,0.04065366988521335,0.4589602374328279,-0.3621338781223807,0.4572446081096746,0.21629795542115376,-0.055248869179996364
-56.71347110220393,-0.6304048317435937,1.2810680842074855,-0.0773930446881275,-0.7557079514969037,1.6737153627968597,0.24794495078885032,-1.2982804450260046,-1.275356973695539,1.0942007216714837,-2.0031335903241536
367.91946044146596,1.1144150458824904,-0.7610140123323128,1.9115487868070888,0.9167170003167935,-1.1768417189697473,1.0602147232333043,0.07576261848093467,0.31924734564837903,0.31184165989421303,-0.830992584777366
16.25568410836956,-0.9374238925274055,-1.759499452939102,0.4624018963776853,1.7278290988722758,0.41693081738357485,-0.04294169864310146,0.5828489167721628,1.0236334652287642,-0.5876446378559118,-0.09535701142261335
-129.9982269939685,1.9597250638649528,-1.3627515223023248,-0.15194476544678448,1.8187221386670922,-0.9883952296209119,-1.2512677523105937,0.6814147117225503,0.4804978215301693,-1.1435953116768194,-2.2636197404200646
52.31873157912572,-0.20359760111000966,0.08122093244383737,0.33281924536017643,-1.2959459907629944,1.5974266366986152,0.3388542582665384,-0.10711038306809711,1.332617589027643,0.04298167857628452,-0.5696359668438243
-39.447727468425725,-0.9767447566255979,-3.0360458627274047,-0.006234317526308416,-0.18365255741653086,1.9139409762892594,0.08676401641243472,0.3249790350852462,0.4723899834856295,-0.46361596001473565,0.8963310774404554
313.1171129770504,1.9866139348307281,1.521939759229819,-0.7000303973003318,-0.2745879363736537,0.7806142126958295,0.7367842951648135,0.04885568503365978,0.5117664259854959,0.7847375666235248,0.8924515574165461
-64.03314677140455,-1.2439827507186585,1.088033236626838,0.11062747805594325,-0.7269150405209515,0.42629223967280416,-1.130029841974204,0.393573700045525,-0.5584631352591134,0.6335454020734834,1.9031931023779454
1.4894487493185338,-1.2464074779717125,0.2222738574240644,-0.7324180047520457,0.12228072588060442,-0.3147889299011585,1.047927774238505,1.5427034524447034,-0.7604915226339216,1.078310890742949,-0.1094973624877116
353.67748703247105,-0.03409555029687398,-1.014691649896233,1.4944153117016985,1.5532637268980205,0.641848705957258,1.911025063630001,-0.9345765656465468,-0.3347659599455352,0.0720593201831872,-0.5068060280059945
-71.6965286053953,-1.8749136652500302,0.14665901101804885,0.17939629819029831,2.236630475431044,-0.7786717346532932,0.521450973898354,-1.0283466449073109,0.9560783204127797,-1.439099218152668,0.7293302127595963
-285.86414127171577,-0.33178059717340525,2.394337227819508,-1.0437264046137076,0.15112471031206332,-0.40010225047072345,-0.6937589896410394,-2.361344267690188,-0.4071632856258138,-1.222325920053846,0.422311117241118
-59.138979058554696,-0.11546697741476968,-1.0125887348069842,0.4671567994225857,0.6019489980692101,-0.6258032812954818,-0.5165502154964129,0.9355930016539887,1.1789019051641945,-1.1252208037987517,0.259516872985965
-119.11036045388414,1.3810978827965,2.219170096190879,-0.2797089882460546,-0.6545257553320311,-0.8830425345977266,-1.6592269895291483,-0.9718566307413649,-1.8144902797216618,0.16970641063941996,0.616481988503173
189.0352209926137,1.7647473215094946,-1.1185342101757467,-0.07431081500098455,0.3876962050689907,2.054954755652993,1.7983087838799154,-0.7737277749584014,-0.20533790464786053,-1.2690316022620902,-0.6169861391092152
-193.11182243572523,0.3400625841624023,-0.6198783034816693,-1.1690938135697155,0.5245720798362691,-0.5511818955864725,1.1301424741617796,-2.735424875886686,-1.45419961656781,-0.903081348481257,-1.3667433329605574
219.3744000868732,1.317469076995707,0.7499954482874361,1.3552518902689585,0.7390992677555446,-0.14795814270803595,0.13944218663171898,-1.4381468412826748,1.3319779371297364,-0.5330696722009088,-1.08425834381559
4.636594025108792,-1.1054841749230595,-0.48315858550688967,-0.4483890762508229,0.5677329830141619,-1.2840935859832248,0.5406305714581837,-0.7354469033749419,0.7572591393581473,0.5239879855690027,0.44687208772121256
-157.25618894819007,1.0089471002021442,-0.6786199017329658,-0.48715181641818395,0.21042305964014313,0.16274167727840028,-0.3397597362742888,0.9537458036063247,0.9655859752523961,-1.4778899587909673,-1.2783511427319292
261.2863566662353,0.9484039550399894,-1.129198836124295,0.297109392691589,-0.09857166460350876,2.463188890965641,0.47732047640597697,1.9805036220571561,-0.5804362367014734,0.6020862620099654,0.5293011460341323
76.82424935595532,0.4628135033327896,0.08163578600635342,2.09292438974952,0.43121203529237323,-1.0845991022505859,-2.723660056186724,-0.8478273344355647,-1.143184520614063,0.5350790201875504,1.7212340358186833
-102.41528936889203,0.39031931013507387,-1.6665510361298412,0.010309376246152469,-1.2816961547187897,1.4284240807869906,-0.4555267176217634,-1.0607262308678296,0.41037410096128335,0.23096825579204758,-1.8400092700352952
218.07363993290747,1.407849389468401,1.4149449807849062,1.117183692664172,-0.09163547655276856,-2.2455814540750194,0.23309378476040746,1.4180432543264467,2.1468170933333672,-0.6440358635817762,0.21452261734611164
127.15952533317649,-0.6120860908495536,-0.44546250906696755,-0.4544070829062444,0.003729094488660967,0.4203843872308175,1.2137080089714711,1.314276260361107,1.1772132993076294,0.1600347573233637,0.8571901735537552
-184.39161965909759,0.6588774392081751,-0.3726422094576264,0.14534032007860595,-0.8586171843833594,-0.7137095101057568,-0.8907641223253926,1.9118617443204553,-2.4241718063334563,-0.7724113839136066,0.9127490741831658
126.57767881595787,-0.755169210292173,-0.9012330869669056,0.5597984593999903,0.26837012539570154,0.821278394116581,0.19425471230724822,-0.787555528632463,0.5240184473177728,1.2406389240667308,-0.9119651548698962
201.80385751312235,0.6830838217355717,-0.3688145848176535,0.3771150153193803,1.6569533422333305,0.7505118059065362,0.5498982261041383,-1.0031088596182478,0.6047964093632217,-0.6239075669376005,0.2977008507360915
-190.13362346175916,-1.1172452651180063,0.2725396282252522,-0.4635117062105335,-0.18323409378866776,-1.4744804715334834,-0.13569162640245155,1.014089847122928,1.3269962074513895,-1.0600201205132431,0.9715821111043399
1.5069784820606884,0.5351231806279866,1.0603845474671982,-0.3249545191560881,0.43313478594128213,0.25544942792527364,-1.4959150076702232,0.35159236934003646,0.10247159161156366,0.775861112838457,0.1859934349850858
211.78422949915645,0.06498309260169331,-0.7396347584829432,1.6030906021597593,-1.3520766613641184,0.2643011477711895,1.655106683143828,0.12706947920459827,-1.0674092769182328,-0.43462930826349067,0.9671825413627828
357.15875673357345,0.7161348492343099,-0.30895277635362495,0.6846670478362917,1.081918829074499,-0.35416182704057564,-0.5153788744024874,-0.545856738334321,0.29492764157619866,0.9266994757153884,3.017165809953165
-318.43457824563126,0.5435843003506371,0.033035739789963985,-0.9247944887624114,-0.019075730344024714,-0.14205414765437208,-0.9380386441558457,1.2360507595010342,-0.2322541717989628,-2.3239311539573633,0.8526794368542913
54.50074623899375,0.5871678814269606,0.38168581671234986,-0.5007706338348701,-0.5594017415742901,0.25968456059372785,1.0729633120211073,0.5266005555423701,-0.14542247371888029,-0.06238233595576953,-0.30226793774572397
-24.417808727841262,0.3713560208655429,1.7776340239991966,-0.1688208606063466,2.4114609221553422,-0.6601656519060317,-0.7122245030277824,0.0882038167601691,1.3045347263912843,-0.6339361850903206,-1.391688233959628
-96.37718742869046,-0.1286514399224903,-1.8050132294684236,0.461099168649704,0.43709922079951136,-1.114355265967431,0.32103340647938894,0.8245175902440356,0.046985964849842236,-1.7514184757386388,0.6171233878200606
106.18387437392629,-0.03336610495226483,-0.40031082116687966,0.16387442098800467,0.09487418179826126,0.09939781916360813,1.1471292595737874,-0.12127769343055304,1.4825696159887023,-1.1663412536738025,0.961774371661697
-217.93914658483624,-0.9524119823536115,-1.5608838762919421,-1.9567725282346997,0.7187272068793537,-0.6842637043757538,-0.24902580649812486,-0.01644734018699568,1.8589895512118348,0.44505192130614324,-0.9207432280735276
-145.100727689752,-2.018646583405484,1.7076846182790275,-0.2507389128016214,1.5610303079579047,0.11399560598538995,-0.3088821065763699,-0.4291459150944753,0.256632331522812,-0.7840490920606955,0.8590255590562708
173.557783401203,-1.155475947001431,-0.0307535338936192,0.07933034399848574,1.0769290669466176,0.23795189770539485,0.4671977396967267,1.5976566889766615,1.1113926882801863,0.8640423511652434,0.679810598477541
-395.3740743341067,-2.332482466524701,1.5674039066010939,-0.7340848549153987,-0.18771639417960692,-0.1053461965577659,0.08961585506738634,0.3864971322210854,-0.8157243611792485,-0.07263249546009569,-2.452004312744691
-1.7412840357588522,0.16537048864713183,1.657385183989289,-0.7531510317632044,-0.5223104678260916,1.5632008673280846,0.7778296883402233,-0.07727483303208081,-0.4883353042795256,-0.6683893934100442,0.7670070436192522
-248.5555039422636,0.4783577944426619,-1.534416160334448,1.5031827774643252,-0.7801700767259626,-0.9412013553846091,-0.22921136930568145,-1.0456639209520397,1.4002132699779684,-2.757810750755095,-2.4018508537847616
-476.1727688179854,-2.3729950423882764,-0.22419177428233586,-1.1902531203989595,-1.0245893138604432,-0.2794591373825668,0.6198141394255897,1.5432662786955438,-1.5350361573051503,-0.4000183139768999,-1.8272195871582029
43.85793050718799,0.6668032141640028,1.2115640275833401,-1.0584958536142368,1.7796723774660586,-1.765874082736614,-0.31554939356983236,1.2259564136115824,0.5707669955073895,0.6536201448298931,-0.25720946200661177
124.57401389188395,-0.6541060770719516,1.5951330116773048,-0.19689750644614168,0.09489509009876805,0.5781329541422503,0.9498083500789903,-1.0732700554452024,-1.7901930685876173,1.2396268696012918,0.4953795283245109
-121.17398630147494,1.2500399410022973,1.157125193142021,-0.801206548604978,0.1638559880189264,0.13445820909319253,-0.36183220232573526,-0.7329268908544536,-1.4856686014192,-0.7036953868141491,-0.1937716537172463
-71.81610071628644,-0.8241017743072744,-0.8169569842661731,-0.7555103537605982,0.11354514323116453,1.3934858799282235,0.3130804625291424,-0.7681154561978429,1.1011761537550435,-0.4170502874346808,0.1277658564106138
-77.17421700820736,0.15156077387140585,0.0954658852461753,-0.5311685796558246,0.11220734001548613,-1.4673009966702233,1.21472349798978,-0.4189071420770561,0.3671098573848095,-0.3448472969515746,-1.9257848775840594
-270.1151228641293,0.23206574102427555,-0.2800127537567764,-0.1413741326015118,0.2952308835188564,-0.5406376321641541,-1.1819102239564983,1.2586046541318916,0.8809116331774838,-1.66547648548867,-0.8597100089876913
-64.03665022372209,1.4263067720100548,0.7215315737805071,-0.7149956337238345,-1.75774432862383,-0.2393288694200941,-0.503438828549141,-1.9599576622729902,-0.4040858467256762,0.5088798747016458,-0.25862621472836606
237.87770218076375,0.7216910226940563,0.46000891535489014,-0.12817862222173199,0.01586600581433235,-0.2492974785314701,1.2993849589155433,-1.0018586734200088,0.736533022087901,0.041763257789673616,1.0615895914796907
194.07667012989612,0.1880828754466056,1.1213561610976095,1.9576806968616571,-0.2218080256826831,1.5819291468762553,0.5943015345281012,-0.016316549000418006,-0.31729260735503606,-1.2832403798822134,0.7006128549868174
-135.74396593172236,-1.2425239932033711,-0.7270662413444187,0.7729802345190263,-1.2928869163859258,-0.11123408746334762,-0.34956806451188377,-1.5691610111465824,-1.8416765436266995,0.8056915761650393,-0.409232512913719
-167.12358130845024,0.3984877087457569,-0.047139930991337516,-1.6991065752968677,-0.3204632613453044,-0.3212724656251277,-0.11778471986257684,-0.9933853336988356,0.6349418797437594,-0.08590867623111828,-0.3055862004106991
-133.06126398876995,-0.44278383684010364,-0.37506132526127994,-1.0077156127264673,0.06285110822164405,-1.0139678512204362,1.6491513933872248,1.0055092430331984,0.42702527248966843,-2.248035839467672,1.5030908122691016
-155.03022155616512,-1.5218333919540836,0.5339979367219971,0.11457159845892097,0.040317679151920936,0.7715252994197255,0.3275112043545308,1.0614334709414892,1.8736465238959419,-1.4011943176219628,-0.7842602789735561
126.57635850417472,0.9645804084477378,0.549695034572657,-0.10955255939755973,1.1461317824668875,0.9248023510018015,-1.0446062780071377,-0.11723673978324997,0.2177056152792909,0.02105887096324239,1.330250371132158
117.05664920701167,-0.6414605355077646,-1.5765696978538313,0.4231313705914564,-1.363143890530961,2.1752022330455962,1.302890781282897,1.0051463666359468,-1.0840052413869927,0.7032027349877613,-0.0038216762989557508
-39.77070692869421,0.2609080293901273,0.043856390103298365,1.0330984187736396,-0.045153809194406126,-0.6338185259894438,-1.0449489150146567,0.7626659156588945,0.5896384341692759,0.040791801997761994,-1.5205473498951687
245.68806993772364,2.175761133058943,1.3788033136364668,0.061785653038946106,-0.45681192098960083,-0.6500690771660792,-0.2783811333787976,-0.790060538285643,-0.039464546290575435,1.7432932378925605,-0.8992531488463753
26.593181184049868,-0.03454153323268673,-2.6111825210070667,0.11769909591810657,0.21858533268802569,0.9191546009237281,-0.9728922251738753,-0.6609844256164964,0.580966382332772,1.1098605228830916,-0.5979244224027553
-498.37184810497166,-1.8814088348509788,1.0312796397993675,0.02333563474653634,0.1679198080556389,-0.2012806771821269,-0.527274415731238,-0.3129131796060664,-0.9828775369390412,-2.444811576949204,-0.9932023804270148
-245.8506592577376,-0.596469971066416,0.7460926410760202,-0.29705775385109573,0.8468188541524183,1.4370860692288014,-1.088269399931723,-0.20344883594012808,-0.6792937716328155,-1.1957255014827486,-0.3342495822317345
-77.28997936738666,0.860672158411395,-1.497904333308528,0.5051128685894435,1.4171625003574653,-0.6700336778218514,-0.5654156439192424,1.2846012762267933,-2.1417067538141903,-0.4955367361332894,-1.1221446131250035
105.93513556741948,0.7321188737621722,1.0465571270909844,0.6554052857128949,-0.4790713108615295,-0.12310094248885128,0.8052544333049135,0.6319549061604613,0.41262405942031843,-0.3642799412194039,-1.0585399649641951
-89.50211777633766,-0.4532091529857221,0.7023511654202579,0.5329370729502039,0.3664341699424575,0.4242535988070434,0.2507761787201424,-0.5006990051300491,-0.1218392986083811,-0.8288954696704808,-1.5439989457266003
151.14863529512587,0.1812646642020436,0.7906200437696026,-0.12516871009898323,0.4129631805709554,-0.5341413185774988,1.804324332416398,0.3775099007878287,0.6108099596683624,-0.7772799091522289,0.5574427793803973
-124.42859528916894,-1.1235035080544418,0.06451765149115958,0.25536752483381403,-0.26125228931604794,1.3894158167963055,-0.7573011722691885,-0.4660576893807684,0.1301533551438992,-0.09956230577298822,-0.23177780731209097
104.55051721992228,-0.27880594953391635,0.4955009411492419,0.47071305110083134,-0.7325911140439811,-1.2968779977252811,1.3111937536120053,-0.9815067138999609,-0.17800808607572394,0.5512018531630003,-0.3541166403080813
-37.814563351092495,0.7258893875962668,-0.8130749488376906,-0.5858417632509381,0.5594361519377297,0.16275823803394332,0.8995106823603759,1.8005521378051972,-2.4492888732766542,-0.901789917986146,0.5601621288939376
-86.96046223617869,1.1279093193774983,1.0418992585271196,-0.8727203109536724,0.4940483410701887,-0.009432309837525354,-0.020946348845747195,0.27590131500179027,-1.6248803561728675,-1.351807106908931,1.3181788036408058
461.51226010798115,1.687043126637054,2.2951147477142957,0.13925008131258265,-0.23159254793760323,1.0657245046578994,1.2177943871473715,0.9483680220217513,-0.7443344626405876,1.235608426649516,1.5437718740017923
211.6025264924407,0.9381193539147663,1.1228240978917168,3.3379489781774323,-0.978512202472948,-3.001571594651746,-1.1692399091731873,-0.14403777072357,-0.48601339631076573,0.0716400017505305,0.9549120481805672
166.35846504699487,1.0705448195313279,0.43165467595658746,1.4686965731910864,-0.2213005209474836,-0.2467654583778442,-0.3229478971816789,-0.7002482761300266,-0.4880831692663689,0.6953005492880246,-1.2790345989627185
59.49501273106817,-0.8901566760415909,2.3371200537772485,2.063032230301445,-0.5263632790082755,-1.5524982082462686,0.03978166697499924,-1.2599930516286468,0.537996932058806,0.14867978441931942,-1.1921732583522773
-99.42237547465074,1.5112280924886974,0.6522366119078375,0.6379857586787051,0.7557772223530184,-1.400132193083007,-1.779097261842981,1.0830584789212157,0.2014230003337436,-1.1539890549313818,-0.48427149785887186
-228.32942597281453,0.35621935528551174,-0.7153519838140792,-0.20472502868066217,-0.1467313318312611,-1.1255184342749276,0.1340458935289077,-2.0821623037812413,0.6262928400877931,-1.5020907923338083,-1.6165228493644968
89.74878532011763,0.7854149666836583,-0.2812705960415081,0.8509814929235852,-1.6559999932008642,1.1662795226372564,0.2560944637281488,2.2857520613806117,0.8137682060464113,-0.47409714008289694,-0.36814988194156106
-3.0179626799292976,0.6968040101470158,0.309252838656409,0.5217286694259234,-0.1455474799587564,1.0556959358151652,-0.5260858324180079,1.0838621657756078,-0.39545908329609064,-0.40530169874558564,-0.683917787627486
134.58376570507392,0.6936424296978972,0.39503549468865,0.4482246652343149,0.990184164346518,0.8436773490245768,-0.368187773513876,-0.3207597290082112,0.4543448868290916,0.07011026610206662,-0.42703420893070815
16.98780146328589,-0.6759091312835368,-1.1565416054844164,-0.4955057695829343,1.150172058361732,-0.14932073220406153,0.536409215992025,0.9338098374760211,0.27940842966460006,-0.23627887361282907,0.848904332325183
170.98176677868406,0.5395609964773219,1.4635015155666111,0.8658737807594528,0.6673255737401287,-0.1695356714693251,-0.19152437607381395,0.8339871424912918,1.5648219994273467,-0.12835925288751193,-0.43739585058734304
-372.49245773326516,-2.6740459779909393,-0.853624998099854,-0.22136752481234762,-1.4800199136152687,1.0845104517575699,-0.5660256354341958,-0.21551570535659803,1.2282652566150625,-1.055708616719678,0.2569326649700518
-185.4795261657822,-0.23410110031553985,0.20981887132283386,-0.19382544476062574,-1.2672821895167938,-0.6844171479223061,0.18154388349007217,-0.7065211240102909,-2.141170172539417,0.02043176541540862,-0.3274086062975801
57.322882632170064,0.4034336423634388,0.8607153445121634,-0.3865334115092724,-0.12981066917587278,-1.8494928587772725,0.6436940827330709,0.9341542351827021,-0.29533233206231946,-0.4573168936669264,2.074762031316131
47.74400297230679,2.1074283246729,-0.7584269598580652,-0.1530945311496259,-0.0955334231983056,0.09937435527250071,-1.0013301411511535,-0.19158012128297408,-0.5199921658473855,0.56752812425049,-0.8061872582621618
-162.5785093936948,0.017278068384422526,0.6196369178943927,-0.3625585772454048,0.022590578869728307,-1.9527572258858692,-0.7691249296298223,0.4796312452920698,-0.5717948997173641,0.02770474101207279,-0.03593375604632086
-322.5800797371433,-0.6574254797119087,-1.5703629113633637,-0.3036994813756557,-1.1166195645012256,1.1470677903943036,-1.2234656478649641,0.29463435402650606,-0.6245631200782253,0.262826441467096,-2.074364283069496
71.13163458150878,-0.04946535827552987,2.278885821188346,1.4107567057915953,-0.08319830554757994,0.10823673509694966,0.8118433048276238,-0.8156743320915945,-0.4058424444798611,-0.44055623514991155,-1.8827129739908866
-321.5709323506813,-1.1026583456153718,0.5543295365840273,-1.8129306542372097,0.5601583062389277,0.7259017728109849,-0.6334389660115478,-0.7406557617331715,-0.054722667617176673,-0.5924122233615656,0.10292613290963556
-266.33104934035964,-2.3575316818800656,-0.36157539066419536,-1.5493932283368856,-1.7386501442113411,2.6196289973895794,0.8954766047598536,0.5109277394101819,-0.5992773178980985,0.1725449090560309,0.06588920514919994
142.17086568947553,0.028484415943650428,0.10348550882617277,-0.13455588011596561,-0.6126133858298382,0.8524873439970369,0.8529666741331956,0.7958279718902599,-0.2084711912886739,1.4951394920980101,-1.1525279684124414
-32.007953804633885,-0.0003742050186312194,-0.3296778530596429,0.3670368244469585,0.0369456527427992,-1.2548582115440172,0.2677138012381363,-0.7810191822677226,-0.1668394172938477,-0.05943251973389055,-0.8865658128258841
45.904057811762414,-0.5507107580217835,0.5048330532717036,1.6846169968713045,0.4421031767149052,0.5164988735004347,-1.4272951765210835,0.6958563874631646,0.7499748714542984,0.3092614148993874,-0.8133409935818928
-309.57185384404545,-2.552080484060836,-0.24207821400516744,0.08550979225436134,-0.45476712238909783,-1.2607036041083919,-0.33974520469229097,0.43046757043095696,-1.61185568312722,-0.057849131252635806,0.5781654434298318
179.78777842390127,1.4761289188441182,-0.9052168772073677,0.49711623580854564,0.42862896805709416,-1.0501839340571117,-0.11245849150646646,-1.0323634369568666,-1.4555913506309919,0.9834005045170995,0.08078967988687963
69.04999310937825,0.3175478245723597,-1.3108594838695584,-0.19087334884721605,0.6387747729698784,0.35920091350115124,0.7384202992903369,0.2816377539116591,-1.11711658964479,1.0198016364707119,-1.7944246571369642
18.64010429004773,-0.7793207398368592,-0.3758490477562053,0.22174718985831388,-0.5123493922616021,0.5361253358578406,0.9582604716609617,-2.860990883320448,-0.5294705522048541,0.1834702407196208,-0.08743312562974558
22.035059107998933,-0.20800623950719835,0.5095568206742683,1.2004107708078957,-0.4511753184472872,0.7851502914091678,-0.6983537273794619,-1.0778411445106706,0.9124168009181237,-0.5420736263254992,0.09857405378717189
-272.2216839993769,-0.5889838178526121,-1.193558770219768,0.3253890990026395,-1.0535513680394677,0.9373649441823052,-0.5435749211089034,0.07797709665780125,0.19363209528145015,-1.5644280251144826,-0.6412321411450016
125.80793085043429,0.5830357276221463,-1.0156999339712545,0.22870274067547183,-0.023973866557255485,-1.4049951731678543,1.4756747334594884,0.3057891422732822,0.10173372761901822,-0.4888317725641556,0.31740501368491647
435.8557533219945,1.610841719810676,-2.2402675331705013,-0.2844275095574124,-0.15559293270887864,1.0901477042170216,1.1803521949270452,0.5320597341100589,1.361685290513975,1.4357635820031027,0.9043399529321895
